1	A	20260928-195746-s1	a	ok	3	true
1	A	20260928-195746-s1	b	ok	3	true
2	B	20260928-200201-s1	a	ok	3	true
2	B	20260928-200201-s1	b	ok	3	true
3	B	20260928-200519-s1	a	ok	3	true
3	B	20260928-200519-s1	b	ok	3	true
4	A	20260928-200912-s1	a	ok	3	true
4	A	20260928-200912-s1	b	ok	3	true
5	A	20260928-201314-s1	a	ok	3	true
5	A	20260928-201314-s1	b	ok	3	true
6	B	20260928-201623-s1	a	ok	3	true
6	B	20260928-201623-s1	b	ok	3	true
7	B	20260928-201933-s1	a	ok	3	true
7	B	20260928-201933-s1	b	ok	3	true
8	A	20260928-202225-s1	a	ok	3	true
8	A	20260928-202225-s1	b	ok	3	true
9	A	20260928-202517-s1	a	ok	3	true
9	A	20260928-202517-s1	b	ok	3	true
10	B	20260928-202908-s1	a	ok	3	true
10	B	20260928-202908-s1	b	ok	3	true
11	B	20260928-203232-s1	a	ok	3	true
11	B	20260928-203232-s1	b	ok	3	true
12	A	20260928-203611-s1	a	ok	3	true
12	A	20260928-203611-s1	b	ok	3	true
13	A	20260928-203931-s1	a	ok	3	true
13	A	20260928-203931-s1	b	ok	3	true
14	B	20260928-204252-s1	a	ok	3	unknown
14	B	20260928-204252-s1	b	ok	3	unknown
15	B	20260928-212414-s1	a	ok	3	true
15	B	20260928-212414-s1	b	ok	3	true
16	A	20260928-212752-s1	a	ok	3	true
16	A	20260928-212752-s1	b	ok	3	true
17	A	20260928-213107-s1	a	ok	3	true
17	A	20260928-213107-s1	b	ok	3	true
18	B	20260928-213421-s1	a	ok	3	true
18	B	20260928-213421-s1	b	ok	3	true
19	B	20260928-213718-s1	a	ok	3	true
19	B	20260928-213718-s1	b	ok	3	true
20	A	20260928-214016-s1	a	ok	3	true
20	A	20260928-214016-s1	b	ok	3	true
21	A	20260928-214329-s1	a	ok	3	true
21	A	20260928-214329-s1	b	ok	3	true
22	B	20260928-214642-s1	a	ok	3	true
22	B	20260928-214642-s1	b	ok	3	true
23	B	20260928-214939-s1	a	ok	3	true
23	B	20260928-214939-s1	b	ok	3	true
24	A	20260928-215324-s1	a	ok	3	true
24	A	20260928-215324-s1	b	ok	3	true
25	A	20260928-215622-s1	a	ok	3	true
25	A	20260928-215622-s1	b	ok	3	true
26	B	20260928-215919-s1	a	ok	3	true
26	B	20260928-215919-s1	b	ok	3	true
27	B	20260928-220216-s1	a	ok	3	true
27	B	20260928-220216-s1	b	ok	3	true
28	A	20260928-220459-s1	a	ok	3	true
28	A	20260928-220459-s1	b	ok	3	true
29	A	20260928-220756-s1	a	ok	3	true
29	A	20260928-220756-s1	b	ok	3	true
30	B	20260928-221053-s1	a	ok	3	true
30	B	20260928-221053-s1	b	ok	3	true
31	B	20260928-221334-s1	a	ok	3	true
31	B	20260928-221334-s1	b	ok	3	true
32	A	20260928-221631-s1	a	ok	3	true
32	A	20260928-221631-s1	b	ok	3	true
33	A	20260928-221928-s1	a	ok	3	true
33	A	20260928-221928-s1	b	ok	3	true
34	B	20260928-222225-s1	a	ok	3	true
34	B	20260928-222225-s1	b	ok	3	true
35	B	20260929-081418-s1	a	ok	3	true
35	B	20260929-081418-s1	b	ok	3	true
36	A	20260929-081721-s1	a	ok	3	true
36	A	20260929-081721-s1	b	ok	3	true
37	A	20260929-082022-s1	a	ok	3	true
37	A	20260929-082022-s1	b	ok	3	true
38	B	20260929-082320-s1	a	ok	3	true
38	B	20260929-082320-s1	b	ok	3	true
39	B	20260929-082616-s1	a	ok	3	true
39	B	20260929-082616-s1	b	ok	3	true
40	A	20260929-082929-s1	a	ok	3	true
40	A	20260929-082929-s1	b	ok	3	true
41	A	20260929-083226-s1	a	ok	3	true
41	A	20260929-083226-s1	b	ok	3	true
42	B	20260929-083523-s1	a	ok	3	true
42	B	20260929-083523-s1	b	ok	3	true
43	B	20260929-083853-s1	a	ok	3	true
43	B	20260929-083853-s1	b	ok	3	true
44	A	20260929-084207-s1	a	ok	3	true
44	A	20260929-084207-s1	b	ok	3	true
45	A	20260929-084504-s1	a	ok	3	true
45	A	20260929-084504-s1	b	ok	3	true
46	B	20260929-084801-s1	a	ok	3	true
46	B	20260929-084801-s1	b	ok	3	true
47	B	20260929-085113-s1	a	ok	3	true
47	B	20260929-085113-s1	b	ok	3	true
48	A	20260929-085354-s1	a	ok	3	true
48	A	20260929-085354-s1	b	ok	3	true
49	A	20260929-085652-s1	a	ok	3	true
49	A	20260929-085652-s1	b	ok	3	true
50	B	20260929-085949-s1	a	ok	3	true
50	B	20260929-085949-s1	b	ok	3	true
51	B	20260929-090302-s1	a	ok	3	true
51	B	20260929-090302-s1	b	ok	3	true
52	A	20260929-090632-s1	a	ok	3	true
52	A	20260929-090632-s1	b	ok	3	true
53	A	20260929-090928-s1	a	ok	3	true
53	A	20260929-090928-s1	b	ok	3	true
54	B	20260929-091224-s1	a	ok	3	true
54	B	20260929-091224-s1	b	ok	3	true
55	B	20260929-091553-s1	a	ok	3	true
55	B	20260929-091553-s1	b	ok	3	true
56	A	20260929-091850-s1	a	ok	3	true
56	A	20260929-091850-s1	b	ok	3	true
57	A	20260929-092147-s1	a	ok	3	true
57	A	20260929-092147-s1	b	ok	3	true
58	B	20260929-092444-s1	a	ok	3	true
58	B	20260929-092444-s1	b	ok	3	true
59	B	20260929-092756-s1	a	ok	3	true
59	B	20260929-092756-s1	b	ok	3	true
60	A	20260929-093036-s1	a	ok	3	true
60	A	20260929-093036-s1	b	ok	3	true
